id,name,mode,lat,lon,live_crowding_percentage,live_data_available,day_of_week,last_updated
910GABWDXR,Abbey Wood,elizabeth-line,51.491241,0.121374,,False,,
910GACTONML,Acton Main Line Rail Station,elizabeth-line,51.51718,-0.266756,,False,,
910GBNHAM,Burnham (Berks) Rail Station,elizabeth-line,51.523506,-0.646374,,False,,
910GBONDST,Bond Street,elizabeth-line,51.513282,-0.149317,,False,,
910GBRTWOOD,Brentwood Rail Station,elizabeth-line,51.613605,0.299586,,False,,
910GCANWHRF,Canary Wharf,elizabeth-line,51.506321,-0.018815,,False,,
910GCHDWLHT,Chadwell Heath Rail Station,elizabeth-line,51.568039,0.128958,,False,,
910GCSTMHSXR,Custom House,elizabeth-line,51.509436,0.027681,,False,,
910GEALINGB,Ealing Broadway Rail Station,elizabeth-line,51.514841,-0.301752,,False,,
910GFRNDXR,Farringdon,elizabeth-line,51.519635,-0.102892,,False,,
910GFRSTGT,Forest Gate Rail Station,elizabeth-line,51.549432,0.024353,,False,,
910GGIDEAPK,Gidea Park Rail Station,elizabeth-line,51.581904,0.205964,,False,,
910GGODMAYS,Goodmayes Rail Station,elizabeth-line,51.565579,0.110807,,False,,
910GHANWELL,Hanwell Rail Station,elizabeth-line,51.511835,-0.338583,,False,,
910GHAYESAH,Hayes & Harlington Rail Station,elizabeth-line,51.503096,-0.420683,,False,,
910GHRLDWOD,Harold Wood Rail Station,elizabeth-line,51.592766,0.233129,,False,,
910GHTRWAPT,Heathrow Terminals 2 & 3 Rail Station,elizabeth-line,51.471987,-0.454788,,False,,
910GHTRWTM4,Heathrow Terminal 4 Rail Station,elizabeth-line,51.458268,-0.445463,,False,,
910GHTRWTM5,Heathrow Terminal 5 Rail Station,elizabeth-line,51.470053,-0.490589,,False,,
910GILFORD,Ilford Rail Station,elizabeth-line,51.559118,0.06968,,False,,
910GIVER,Iver Rail Station,elizabeth-line,51.508503,-0.506726,,False,,
910GLANGLEY,Langley (Berks) Rail Station,elizabeth-line,51.508062,-0.541756,,False,,
910GLIVST,London Liverpool Street Rail Station,elizabeth-line,51.517991,-0.081426,,False,,
910GLIVSTLL,Liverpool Street,elizabeth-line,51.51776,-0.086524,,False,,
910GMANRPK,Manor Park Rail Station,elizabeth-line,51.552477,0.046342,,False,,
910GMDNHEAD,Maidenhead Rail Station,elizabeth-line,51.518669,-0.72266,,False,,
910GMRYLAND,Maryland Rail Station,elizabeth-line,51.546081,0.005815,,False,,
910GPADTLL,Paddington,elizabeth-line,51.516449,-0.177107,,False,,
910GPADTON,London Paddington Rail Station,elizabeth-line,51.515996,-0.176174,,False,,
910GRDNGSTN,Reading Rail Station,elizabeth-line,51.458786,-0.971863,,False,,
910GROMFORD,Romford Rail Station,elizabeth-line,51.574829,0.183237,,False,,
910GSHENFLD,Shenfield Rail Station,elizabeth-line,51.630877,0.329851,,False,,
910GSLOUGH,Slough Rail Station,elizabeth-line,51.51188,-0.59151,,False,,
910GSTFD,Stratford (London) Rail Station,elizabeth-line,51.541895,-0.003397,,False,,
910GSTHALL,Southall Rail Station,elizabeth-line,51.505957,-0.37861,,False,,
910GSVNKNGS,Seven Kings Rail Station,elizabeth-line,51.564026,0.0971,,False,,
910GTAPLOW,Taplow Rail Station,elizabeth-line,51.523562,-0.68137,,False,,
910GTOTCTRD,Tottenham Court Road,elizabeth-line,51.515974,-0.130241,,False,,
910GTWYFORD,Twyford Rail Station,elizabeth-line,51.475534,-0.863293,,False,,
910GWCHAPXR,Whitechapel,elizabeth-line,51.51943,-0.060191,,False,,
910GWDRYTON,West Drayton Rail Station,elizabeth-line,51.510055,-0.472234,,False,,
910GWEALING,West Ealing Rail Station,elizabeth-line,51.513506,-0.320133,,False,,
910GWOLWXR,Woolwich,elizabeth-line,51.49119,0.07072,,False,,
940GZZBPSUST,Battersea Power Station Underground Station,tube,51.479932,-0.142142,,False,,
940GZZLUACT,Acton Town Underground Station,tube,51.503057,-0.280462,,False,,
940GZZLUACY,Archway Underground Station,tube,51.565478,-0.134819,,False,,
940GZZLUADE,Aldgate East Underground Station,tube,51.515037,-0.072384,,False,,
940GZZLUAGL,Angel Underground Station,tube,51.531788,-0.105919,,False,,
940GZZLUALD,Aldgate Underground Station,tube,51.514246,-0.075689,,False,,
940GZZLUALP,Alperton Underground Station,tube,51.540627,-0.29961,,False,,
940GZZLUAMS,Amersham Underground Station,tube,51.674126,-0.607714,,False,,
940GZZLUASG,Arnos Grove Underground Station,tube,51.616446,-0.133062,,False,,
940GZZLUASL,Arsenal Underground Station,tube,51.558655,-0.107457,,False,,
940GZZLUBBB,Bromley-by-Bow Underground Station,tube,51.524839,-0.011538,,False,,
940GZZLUBBN,Barbican Underground Station,tube,51.520275,-0.097993,,False,,
940GZZLUBDS,Bounds Green Underground Station,tube,51.607034,-0.124235,,False,,
940GZZLUBEC,Becontree Underground Station,tube,51.540331,0.127016,,False,,
940GZZLUBKE,Barkingside Underground Station,tube,51.585689,0.088585,,False,,
940GZZLUBKF,Blackfriars Underground Station,tube,51.511581,-0.103659,,False,,
940GZZLUBKG,Barking Underground Station,tube,51.539321,0.081053,,False,,
940GZZLUBKH,Buckhurst Hill Underground Station,tube,51.626605,0.046757,,False,,
940GZZLUBLG,Bethnal Green Underground Station,tube,51.527222,-0.055506,,False,,
940GZZLUBLM,Balham Underground Station,tube,51.443288,-0.152997,,False,,
940GZZLUBLR,Blackhorse Road Underground Station,tube,51.586919,-0.04115,,False,,
940GZZLUBMY,Bermondsey Underground Station,tube,51.49775,-0.063993,,False,,
940GZZLUBND,Bond Street Underground Station,tube,51.514304,-0.149723,,False,,
940GZZLUBNK,Bank Underground Station,tube,51.513132,-0.090047,,False,,
940GZZLUBOR,Borough Underground Station,tube,51.501199,-0.09337,,False,,
940GZZLUBOS,Boston Manor Underground Station,tube,51.495635,-0.324939,,False,,
940GZZLUBSC,Barons Court Underground Station,tube,51.490311,-0.213427,,False,,
940GZZLUBST,Baker Street Underground Station,tube,51.522883,-0.15713,,False,,
940GZZLUBTK,Burnt Oak Underground Station,tube,51.602774,-0.264048,,False,,
940GZZLUBTX,Brent Cross Underground Station,tube,51.57665,-0.213622,,False,,
940GZZLUBWR,Bow Road Underground Station,tube,51.52694,-0.025128,,False,,
940GZZLUBWT,Bayswater Underground Station,tube,51.512284,-0.187938,,False,,
940GZZLUBXN,Brixton Underground Station,tube,51.462618,-0.114888,,False,,
940GZZLUBZP,Belsize Park Underground Station,tube,51.550311,-0.164648,,False,,
940GZZLUCAL,Chalfont & Latimer Underground Station,tube,51.667985,-0.560689,,False,,
940GZZLUCAR,Caledonian Road Underground Station,tube,51.548519,-0.118493,,False,,
940GZZLUCFM,Chalk Farm Underground Station,tube,51.544118,-0.153388,,False,,
940GZZLUCGN,Covent Garden Underground Station,tube,51.513093,-0.124436,,False,,
940GZZLUCGT,Canning Town Underground Station,tube,51.513584,0.008322,,False,,
940GZZLUCHL,Chancery Lane Underground Station,tube,51.518247,-0.111583,,False,,
940GZZLUCHX,Charing Cross Underground Station,tube,51.50741,-0.127277,,False,,
940GZZLUCKS,Cockfosters Underground Station,tube,51.65152,-0.149171,,False,,
940GZZLUCND,Colindale Underground Station,tube,51.595424,-0.249919,,False,,
940GZZLUCPC,Clapham Common Underground Station,tube,51.461742,-0.138317,,False,,
940GZZLUCPK,Canons Park Underground Station,tube,51.607701,-0.294693,,False,,
940GZZLUCPN,Clapham North Underground Station,tube,51.465135,-0.130016,,False,,
940GZZLUCPS,Clapham South Underground Station,tube,51.452654,-0.147582,,False,,
940GZZLUCSD,Colliers Wood Underground Station,tube,51.41816,-0.178086,,False,,
940GZZLUCSM,Chesham Underground Station,tube,51.705208,-0.611247,,False,,
940GZZLUCST,Cannon Street Underground Station,tube,51.51151,-0.090432,,False,,
940GZZLUCTN,Camden Town Underground Station,tube,51.539292,-0.14274,,False,,
940GZZLUCWL,Chigwell Underground Station,tube,51.617916,0.075041,,False,,
940GZZLUCWP,Chiswick Park Underground Station,tube,51.494627,-0.267972,,False,,
940GZZLUCWR,Canada Water Underground Station,tube,51.497931,-0.049405,,False,,
940GZZLUCXY,Croxley Underground Station,tube,51.647044,-0.441718,,False,,
940GZZLUCYD,Chorleywood Underground Station,tube,51.654358,-0.518461,,False,,
940GZZLUCYF,Canary Wharf Underground Station,tube,51.503488,-0.018246,,False,,
940GZZLUDBN,Debden Underground Station,tube,51.645386,0.083782,14.01,True,WED,18:11
940GZZLUDGE,Dagenham East Underground Station,tube,51.544096,0.166017,,False,,
940GZZLUDGY,Dagenham Heathway Underground Station,tube,51.541639,0.147527,11.93,True,WED,18:11
940GZZLUDOH,Dollis Hill Underground Station,tube,51.551955,-0.239068,12.82,True,WED,18:11
940GZZLUEAC,Elephant & Castle Underground Station,tube,51.494536,-0.100606,,False,,
940GZZLUEAE,Eastcote Underground Station,tube,51.576506,-0.397373,,False,,
940GZZLUEAN,East Acton Underground Station,tube,51.516612,-0.247248,21.07,True,WED,18:11
940GZZLUEBY,Ealing Broadway Underground Station,tube,51.515017,-0.301457,32.04,True,WED,18:11
940GZZLUECM,Ealing Common Underground Station,tube,51.51014,-0.288265,12.12,True,WED,18:11
940GZZLUECT,Earl's Court Underground Station,tube,51.492063,-0.193378,40.52,True,WED,18:11
940GZZLUEFY,East Finchley Underground Station,tube,51.587131,-0.165012,26.62,True,WED,18:11
940GZZLUEGW,Edgware Underground Station,tube,51.613653,-0.274928,13.13,True,WED,18:11
940GZZLUEHM,East Ham Underground Station,tube,51.538948,0.051186,26.95,True,WED,18:11
940GZZLUEMB,Embankment Underground Station,tube,51.507058,-0.122666,53.59,True,WED,18:11
940GZZLUEPG,Epping Underground Station,tube,51.69368,0.113767,11.71,True,WED,18:11
940GZZLUEPK,Elm Park Underground Station,tube,51.549775,0.19864,7.79,True,WED,18:11
940GZZLUEPY,East Putney Underground Station,tube,51.459205,-0.211,9.88,True,WED,18:11
940GZZLUERB,Edgware Road (Bakerloo) Underground Station,tube,51.520299,-0.17015,26.5,True,WED,18:11
940GZZLUERC,Edgware Road (Circle Line) Underground Station,tube,51.519858,-0.167832,37.8,True,WED,18:11
940GZZLUESQ,Euston Square Underground Station,tube,51.525604,-0.135829,28.37,True,WED,18:11
940GZZLUEUS,Euston Underground Station,tube,51.527999,-0.133785,51.38,True,WED,18:11
940GZZLUFBY,Fulham Broadway Underground Station,tube,51.480081,-0.195422,18.54,True,WED,18:11
940GZZLUFCN,Farringdon Underground Station,tube,51.520252,-0.104913,75.69,True,WED,18:11
940GZZLUFLP,Fairlop Underground Station,tube,51.595618,0.091004,7.83,True,WED,18:11
940GZZLUFPK,Finsbury Park Underground Station,tube,51.564158,-0.106825,33.66,True,WED,18:11
940GZZLUFYC,Finchley Central Underground Station,tube,51.600921,-0.192527,20.23,True,WED,18:11
940GZZLUFYR,Finchley Road Underground Station,tube,51.546825,-0.179845,36.24,True,WED,18:11
940GZZLUGBY,Gunnersbury Underground Station,tube,51.491803,-0.275267,36.56,True,WED,18:11
940GZZLUGDG,Goodge Street Underground Station,tube,51.520599,-0.134361,56.24,True,WED,18:11
940GZZLUGFD,Greenford Underground Station,tube,51.542424,-0.34605,22.76,True,WED,18:11
940GZZLUGGH,Grange Hill Underground Station,tube,51.613378,0.092066,2.43,True,WED,18:11
940GZZLUGGN,Golders Green Underground Station,tube,51.572259,-0.194039,31.21,True,WED,18:11
940GZZLUGHK,Goldhawk Road Underground Station,tube,51.502005,-0.226715,20.47,True,WED,18:11
940GZZLUGPK,Green Park Underground Station,tube,51.506947,-0.142787,70.16,True,WED,18:11
940GZZLUGPS,Great Portland Street Underground Station,tube,51.52384,-0.144262,30.05,True,WED,18:11
940GZZLUGTH,Gants Hill Underground Station,tube,51.576544,0.066185,29.19,True,WED,18:11
940GZZLUGTR,Gloucester Road Underground Station,tube,51.494316,-0.182658,35.36,True,WED,18:11
940GZZLUHAI,Highbury & Islington Underground Station,tube,51.54635,-0.103324,21.48,True,WED,18:11
940GZZLUHAW,Harrow & Wealdstone Underground Station,tube,51.592268,-0.335217,22.8,True,WED,18:11
940GZZLUHBN,Holborn Underground Station,tube,51.51758,-0.120475,65.05,True,WED,18:11
940GZZLUHBT,High Barnet Underground Station,tube,51.650541,-0.194298,10.48,True,WED,18:11
940GZZLUHCH,Hornchurch Underground Station,tube,51.554093,0.219116,8.57,True,WED,18:11
940GZZLUHCL,Hendon Central Underground Station,tube,51.583301,-0.226424,15.31,True,WED,18:11
940GZZLUHGD,Hillingdon Underground Station,tube,51.553715,-0.449828,7.77,True,WED,18:11
940GZZLUHGR,Hanger Lane Underground Station,tube,51.530177,-0.292704,27.07,True,WED,18:11
940GZZLUHGT,Highgate Underground Station,tube,51.577532,-0.145857,9.66,True,WED,18:11
940GZZLUHLT,Hainault Underground Station,tube,51.603659,0.093482,9.11,True,WED,18:11
940GZZLUHNX,Hatton Cross Underground Station,tube,51.466747,-0.423191,30.58,True,WED,18:11
940GZZLUHOH,Harrow-on-the-Hill Underground Station,tube,51.579195,-0.337225,31.39,True,WED,18:11
940GZZLUHPC,Hyde Park Corner Underground Station,tube,51.503035,-0.152441,21.69,True,WED,18:11
940GZZLUHPK,Holland Park Underground Station,tube,51.507143,-0.205679,23.88,True,WED,18:11
940GZZLUHR4,Heathrow Terminal 4 Underground Station,tube,51.458524,-0.445771,8.58,True,WED,18:11
940GZZLUHR5,Heathrow Terminal 5 Underground Station,tube,51.470052,-0.49056,,False,,
940GZZLUHRC,Heathrow Terminals 2 & 3 Underground Station,tube,51.471235,-0.452265,14.06,True,WED,18:11
940GZZLUHSC,Hammersmith (H&C Line) Underground Station,tube,51.49339,-0.22503,25.48,True,WED,18:11
940GZZLUHSD,Hammersmith (Dist&Picc Line) Underground Station,tube,51.4923,-0.22362,,False,,
940GZZLUHSK,High Street Kensington Underground Station,tube,51.501055,-0.192792,38.83,True,WED,18:11
940GZZLUHSN,Harlesden Underground Station,tube,51.53631,-0.257883,16.32,True,WED,18:11
940GZZLUHTD,Hampstead Underground Station,tube,51.556239,-0.177464,24.17,True,WED,18:11
940GZZLUHWC,Hounslow Central Underground Station,tube,51.471295,-0.366578,16.46,True,WED,18:11
940GZZLUHWE,Hounslow East Underground Station,tube,51.473213,-0.356474,19.96,True,WED,18:11
940GZZLUHWT,Hounslow West Underground Station,tube,51.473469,-0.386544,18.29,True,WED,18:11
940GZZLUHWY,Holloway Road Underground Station,tube,51.552697,-0.113244,22.35,True,WED,18:11
940GZZLUICK,Ickenham Underground Station,tube,51.561992,-0.442001,9.81,True,WED,18:11
940GZZLUKBN,Kilburn Underground Station,tube,51.547183,-0.204248,20.79,True,WED,18:11
940GZZLUKBY,Kingsbury Underground Station,tube,51.584845,-0.27879,7.04,True,WED,18:11
940GZZLUKEN,Kenton Underground Station,tube,51.581756,-0.31691,9.47,True,WED,18:11
940GZZLUKNB,Knightsbridge Underground Station,tube,51.501669,-0.160508,48.88,True,WED,18:11
940GZZLUKNG,Kennington Underground Station,tube,51.488337,-0.105963,42.39,True,WED,18:11
940GZZLUKOY,Kensington (Olympia) Underground Station,tube,51.497624,-0.210015,,False,,
940GZZLUKPK,Kilburn Park Underground Station,tube,51.534979,-0.194232,43.29,True,WED,18:11
940GZZLUKSH,Kentish Town Underground Station,tube,51.550312,-0.140733,98.97,True,WED,18:11
940GZZLUKSL,Kensal Green Underground Station,tube,51.530539,-0.225016,21.26,True,WED,18:11
940GZZLUKSX,King's Cross St. Pancras Underground Station,tube,51.530663,-0.123194,78.33,True,WED,18:11
940GZZLUKWG,Kew Gardens Underground Station,tube,51.477058,-0.285241,13.66,True,WED,18:11
940GZZLULAD,Ladbroke Grove Underground Station,tube,51.517449,-0.210391,,False,,
940GZZLULBN,Lambeth North Underground Station,tube,51.498808,-0.112315,28.72,True,WED,18:11
940GZZLULGN,Loughton Underground Station,tube,51.641443,0.055476,12.16,True,WED,18:11
940GZZLULGT,Lancaster Gate Underground Station,tube,51.511723,-0.175494,24.19,True,WED,18:11
940GZZLULNB,London Bridge Underground Station,tube,51.505721,-0.088873,58.68,True,WED,18:11
940GZZLULRD,Latimer Road Underground Station,tube,51.513389,-0.217799,33.05,True,WED,18:11
940GZZLULSQ,Leicester Square Underground Station,tube,51.511386,-0.128426,46.45,True,WED,18:11
940GZZLULVT,Liverpool Street Underground Station,tube,51.517372,-0.083182,55.64,True,WED,18:11
940GZZLULYN,Leyton Underground Station,tube,51.556589,-0.005523,19.95,True,WED,18:11
940GZZLULYS,Leytonstone Underground Station,tube,51.568324,0.008194,21.57,True,WED,18:11
940GZZLUMBA,Marble Arch Underground Station,tube,51.513424,-0.158953,25.16,True,WED,18:11
940GZZLUMDN,Morden Underground Station,tube,51.402142,-0.194839,15.27,True,WED,18:11
940GZZLUMED,Mile End Underground Station,tube,51.525122,-0.03364,61.92,True,WED,18:11
940GZZLUMGT,Moorgate Underground Station,tube,51.518176,-0.088322,38.01,True,WED,18:11
940GZZLUMHL,Mill Hill East Underground Station,tube,51.608229,-0.209986,9.35,True,WED,18:11
940GZZLUMMT,Monument Underground Station,tube,51.5107,-0.085969,53.42,True,WED,18:11
940GZZLUMPK,Moor Park Underground Station,tube,51.629845,-0.432454,8.78,True,WED,18:11
940GZZLUMRH,Manor House Underground Station,tube,51.570738,-0.096118,19.12,True,WED,18:11
940GZZLUMSH,Mansion House Underground Station,tube,51.512117,-0.094009,39.67,True,WED,18:11
940GZZLUMTC,Mornington Crescent Underground Station,tube,51.534679,-0.138789,30.72,True,WED,18:11
940GZZLUMVL,Maida Vale Underground Station,tube,51.529777,-0.185758,40.64,True,WED,18:11
940GZZLUMYB,Marylebone Underground Station,tube,51.522322,-0.163207,48.01,True,WED,18:11
940GZZLUNAN,North Acton Underground Station,tube,51.523524,-0.259755,25.58,True,WED,18:11
940GZZLUNBP,Newbury Park Underground Station,tube,51.575726,0.090004,12.81,True,WED,18:11
940GZZLUNDN,Neasden Underground Station,tube,51.553986,-0.249837,19.23,True,WED,18:11
940GZZLUNEN,North Ealing Underground Station,tube,51.517505,-0.288868,11.11,True,WED,18:11
940GZZLUNFD,Northfields Underground Station,tube,51.499319,-0.314719,5.57,True,WED,18:11
940GZZLUNGW,North Greenwich Underground Station,tube,51.50047,0.004287,14.94,True,WED,18:11
940GZZLUNHA,North Harrow Underground Station,tube,51.584872,-0.362408,10.61,True,WED,18:11
940GZZLUNHG,Notting Hill Gate Underground Station,tube,51.509128,-0.196104,44.11,True,WED,18:11
940GZZLUNHT,Northolt Underground Station,tube,51.548236,-0.368699,11.39,True,WED,18:11
940GZZLUNKP,Northwick Park Underground Station,tube,51.578481,-0.318056,19.06,True,WED,18:11
940GZZLUNOW,Northwood Underground Station,tube,51.611053,-0.423829,11.88,True,WED,18:01
940GZZLUNWH,Northwood Hills Underground Station,tube,51.600572,-0.409464,9.54,True,WED,18:11
940GZZLUNWY,North Wembley Underground Station,tube,51.562551,-0.304,13.72,True,WED,18:01
940GZZLUOAK,Oakwood Underground Station,tube,51.647726,-0.132182,10.7,True,WED,18:11
940GZZLUODS,Old Street Underground Station,tube,51.525864,-0.08777,66.47,True,WED,18:01
940GZZLUOSY,Osterley Underground Station,tube,51.481274,-0.352224,8.35,True,WED,18:01
940GZZLUOVL,Oval Underground Station,tube,51.48185,-0.112439,25.64,True,WED,18:01
940GZZLUOXC,Oxford Circus Underground Station,tube,51.515224,-0.141903,48.47,True,WED,18:01
940GZZLUPAC,Paddington Underground Station,tube,51.516581,-0.175689,54.2,True,WED,18:01
940GZZLUPAH,Paddington (H&C Line)-Underground,tube,51.518187,-0.178306,22.38,True,WED,18:01
940GZZLUPCC,Piccadilly Circus Underground Station,tube,51.51005,-0.133798,43.51,True,WED,18:01
940GZZLUPCO,Pimlico Underground Station,tube,51.489097,-0.133761,,False,,
940GZZLUPKR,Park Royal Underground Station,tube,51.527123,-0.284341,13.6,True,WED,18:01
940GZZLUPLW,Plaistow Underground Station,tube,51.531341,0.017451,20.74,True,WED,18:01
940GZZLUPNR,Pinner Underground Station,tube,51.592901,-0.381161,9.49,True,WED,18:01
940GZZLUPRD,Preston Road Underground Station,tube,51.571972,-0.295107,17.83,True,WED,18:01
940GZZLUPSG,Parsons Green Underground Station,tube,51.475277,-0.20117,28.77,True,WED,18:01
940GZZLUPVL,Perivale Underground Station,tube,51.536717,-0.323446,12.06,True,WED,18:01
940GZZLUPYB,Putney Bridge Underground Station,tube,51.468262,-0.208731,28.1,True,WED,18:01
940GZZLUQBY,Queensbury Underground Station,tube,51.594188,-0.286219,7.76,True,WED,18:01
940GZZLUQPS,Queen's Park Underground Station,tube,51.534158,-0.204574,35.35,True,WED,18:01
940GZZLUQWY,Queensway Underground Station,tube,51.510312,-0.187152,32.21,True,WED,18:01
940GZZLURBG,Redbridge Underground Station,tube,51.576243,0.04536,10.72,True,WED,18:01
940GZZLURGP,Regent's Park Underground Station,tube,51.523344,-0.146444,27.22,True,WED,18:01
940GZZLURKW,Rickmansworth Underground Station,tube,51.640207,-0.473703,10.77,True,WED,18:01
940GZZLURMD,Richmond Underground Station,tube,51.463237,-0.301336,33.16,True,WED,18:01
940GZZLURSG,Ruislip Gardens Underground Station,tube,51.560736,-0.41071,13.79,True,WED,18:01
940GZZLURSM,Ruislip Manor Underground Station,tube,51.573202,-0.412973,9.63,True,WED,18:01
940GZZLURSP,Ruislip Underground Station,tube,51.571354,-0.421898,13.99,True,WED,18:01
940GZZLURSQ,Russell Square Underground Station,tube,51.523073,-0.124285,31.82,True,WED,18:01
940GZZLURVP,Ravenscourt Park Underground Station,tube,51.494122,-0.235881,16.71,True,WED,18:01
940GZZLURVY,Roding Valley Underground Station,tube,51.617199,0.043647,0.0,True,WED,18:01
940GZZLURYL,Rayners Lane Underground Station,tube,51.575147,-0.371127,22.84,True,WED,18:01
940GZZLURYO,Royal Oak Underground Station,tube,51.519113,-0.188748,24.04,True,WED,18:01
940GZZLUSBC,Shepherd's Bush (Central) Underground Station,tube,51.504376,-0.218813,45.86,True,WED,18:01
940GZZLUSBM,Shepherd's Bush Market Underground Station,tube,51.505579,-0.226375,23.62,True,WED,18:01
940GZZLUSEA,South Ealing Underground Station,tube,51.501003,-0.307424,9.23,True,WED,18:01
940GZZLUSFB,Stamford Brook Underground Station,tube,51.494917,-0.245704,20.97,True,WED,18:01
940GZZLUSFS,Southfields Underground Station,tube,51.445073,-0.206602,12.82,True,WED,18:01
940GZZLUSGN,Stepney Green Underground Station,tube,51.521858,-0.046596,46.35,True,WED,18:01
940GZZLUSGP,Stonebridge Park Underground Station,tube,51.543959,-0.275892,20.45,True,WED,18:01
940GZZLUSGT,Southgate Underground Station,tube,51.632315,-0.127816,20.3,True,WED,18:01
940GZZLUSHH,South Harrow Underground Station,tube,51.564888,-0.352492,11.7,True,WED,18:01
940GZZLUSJP,St. James's Park Underground Station,tube,51.499544,-0.133608,,False,,
940GZZLUSJW,St. John's Wood Underground Station,tube,51.534521,-0.173948,20.84,True,WED,18:01
940GZZLUSKS,South Kensington Underground Station,tube,51.494094,-0.174138,46.69,True,WED,18:01
940GZZLUSKT,South Kenton Underground Station,tube,51.570232,-0.308433,10.38,True,WED,18:01
940GZZLUSKW,Stockwell Underground Station,tube,51.472184,-0.122644,48.01,True,WED,18:01
940GZZLUSNB,Snaresbrook Underground Station,tube,51.580678,0.02144,12.61,True,WED,18:01
940GZZLUSPU,St. Paul's Underground Station,tube,51.514936,-0.097567,45.73,True,WED,18:01
940GZZLUSRP,South Ruislip Underground Station,tube,51.556853,-0.398915,10.79,True,WED,18:01
940GZZLUSSQ,Sloane Square Underground Station,tube,51.49227,-0.156377,54.75,True,WED,18:01
940GZZLUSTD,Stratford Underground Station,tube,51.541806,-0.003458,36.25,True,WED,18:01
940GZZLUSTM,Stanmore Underground Station,tube,51.619839,-0.303266,12.19,True,WED,18:01
940GZZLUSUH,Sudbury Hill Underground Station,tube,51.556946,-0.336435,8.7,True,WED,18:01
940GZZLUSUT,Sudbury Town Underground Station,tube,51.550815,-0.315745,8.96,True,WED,18:01
940GZZLUSVS,Seven Sisters Underground Station,tube,51.58333,-0.072584,,False,,
940GZZLUSWC,Swiss Cottage Underground Station,tube,51.543681,-0.174894,33.03,True,WED,18:01
940GZZLUSWF,South Woodford Underground Station,tube,51.591907,0.027338,18.49,True,WED,18:01
940GZZLUSWK,Southwark Underground Station,tube,51.50427,-0.105331,38.76,True,WED,18:01
940GZZLUSWN,South Wimbledon Underground Station,tube,51.415309,-0.192005,17.57,True,WED,18:01
940GZZLUTAW,Totteridge & Whetstone Underground Station,tube,51.630597,-0.17921,16.11,True,WED,18:01
940GZZLUTBC,Tooting Bec Underground Station,tube,51.435678,-0.159736,26.98,True,WED,18:01
940GZZLUTBY,Tooting Broadway Underground Station,tube,51.42763,-0.168374,49.54,True,WED,18:01
940GZZLUTCR,Tottenham Court Road Underground Station,tube,51.516426,-0.13041,66.94,True,WED,18:01
940GZZLUTFP,Tufnell Park Underground Station,tube,51.556822,-0.138433,23.09,True,WED,18:01
940GZZLUTHB,Theydon Bois Underground Station,tube,51.671759,0.103085,5.25,True,WED,18:01
940GZZLUTMH,Tottenham Hale Underground Station,tube,51.588108,-0.060241,39.06,True,WED,18:01
940GZZLUTMP,Temple Underground Station,tube,51.511006,-0.11426,40.44,True,WED,18:01
940GZZLUTNG,Turnham Green Underground Station,tube,51.495148,-0.254555,23.23,True,WED,18:01
940GZZLUTPN,Turnpike Lane Underground Station,tube,51.590272,-0.102953,29.22,True,WED,18:01
940GZZLUTWH,Tower Hill Underground Station,tube,51.509971,-0.076546,55.69,True,WED,18:01
940GZZLUUPB,Upminster Bridge Underground Station,tube,51.55856,0.235809,9.31,True,WED,18:01
940GZZLUUPK,Upton Park Underground Station,tube,51.53534,0.035263,23.62,True,WED,18:01
940GZZLUUPM,Upminster Underground Station,tube,51.559063,0.250882,17.5,True,WED,18:01
940GZZLUUPY,Upney Underground Station,tube,51.538372,0.10153,9.09,True,WED,18:01
940GZZLUUXB,Uxbridge Underground Station,tube,51.546565,-0.477949,19.95,True,WED,18:01
940GZZLUVIC,Victoria Underground Station,tube,51.496359,-0.143102,53.97,True,WED,18:01
940GZZLUVXL,Vauxhall Underground Station,tube,51.485743,-0.124204,42.68,True,WED,18:01
940GZZLUWAF,Watford Underground Station,tube,51.657446,-0.417377,7.89,True,WED,18:01
940GZZLUWBN,West Brompton Underground Station,tube,51.487268,-0.195599,23.22,True,WED,18:01
940GZZLUWCY,White City Underground Station,tube,51.511959,-0.224297,31.68,True,WED,18:01
940GZZLUWFN,West Finchley Underground Station,tube,51.609426,-0.188362,5.69,True,WED,18:01
940GZZLUWHM,West Ham Underground Station,tube,51.528136,0.005055,55.51,True,WED,18:01
940GZZLUWHP,West Hampstead Underground Station,tube,51.546638,-0.191059,37.42,True,WED,18:01
940GZZLUWHW,West Harrow Underground Station,tube,51.57971,-0.3534,14.31,True,WED,18:01
940GZZLUWIG,Willesden Green Underground Station,tube,51.549146,-0.221537,16.85,True,WED,18:01
940GZZLUWIM,Wimbledon Underground Station,tube,51.421207,-0.206573,16.58,True,WED,18:01
940GZZLUWIP,Wimbledon Park Underground Station,tube,51.434573,-0.199719,19.2,True,WED,18:01
940GZZLUWJN,Willesden Junction Underground Station,tube,51.532259,-0.244283,,False,,
940GZZLUWKA,Warwick Avenue Underground Station,tube,51.523263,-0.183783,25.07,True,WED,18:01
940GZZLUWKN,West Kensington Underground Station,tube,51.490459,-0.206636,28.58,True,WED,18:01
940GZZLUWLA,Wood Lane Underground Station,tube,51.509669,-0.22453,34.39,True,WED,18:01
940GZZLUWLO,Waterloo Underground Station,tube,51.503299,-0.11478,59.72,True,WED,18:01
940GZZLUWOF,Woodford Underground Station,tube,51.606899,0.03397,27.95,True,WED,18:01
940GZZLUWOG,Wood Green Underground Station,tube,51.597479,-0.109886,11.16,True,WED,18:01
940GZZLUWOP,Woodside Park Underground Station,tube,51.618014,-0.18542,11.63,True,WED,18:01
940GZZLUWPL,Whitechapel Underground Station,tube,51.519518,-0.059971,50.53,True,WED,18:01
940GZZLUWRP,West Ruislip Underground Station,tube,51.569688,-0.437886,13.98,True,WED,18:01
940GZZLUWRR,Warren Street Underground Station,tube,51.524951,-0.138321,52.22,True,WED,18:01
940GZZLUWSD,Wanstead Underground Station,tube,51.575501,0.028527,23.72,True,WED,18:01
940GZZLUWSM,Westminster Underground Station,tube,51.50132,-0.124861,44.72,True,WED,18:01
940GZZLUWSP,Westbourne Park Underground Station,tube,51.52111,-0.201065,14.69,True,WED,18:01
940GZZLUWTA,West Acton Underground Station,tube,51.518001,-0.28098,7.66,True,WED,18:01
940GZZLUWWL,Walthamstow Central Underground Station,tube,51.582965,-0.019885,24.07,True,WED,18:01
940GZZLUWYC,Wembley Central Underground Station,tube,51.552304,-0.296852,9.05,True,WED,18:01
940GZZLUWYP,Wembley Park Underground Station,tube,51.563198,-0.279262,0.07,True,WED,18:01
940GZZNEUGST,Nine Elms Underground Station,tube,51.479912,-0.128476,35.97,True,WED,18:01
